date,dji,test_1_ens_no_indic,test_5_ens_extensive_indic,test_7_ens_extensive_indic-25%,test_6_ens_extensive_indic+25%
2022-01-03,1000000,1000000,1000000,1000000,1000000
2022-01-04,1005865.505,1000926.497,1001605.678,1000746.115,1000213.416
2022-01-05,995136.0138,1000071.702,997414.4598,997900.1951,1010379.33
2022-01-06,990471.7976,997960.9716,992326.4712,996163.2695,1009987.348
2022-01-07,990340.3616,999083.4408,988590.0021,999491.9837,1011290.849
2022-01-10,985890.7565,993819.2808,989006.0172,999986.6153,1013675.036
2022-01-11,990896.8558,993273.133,996094.0786,990956.4671,1008625.614
2022-01-12,991943.7527,993993.3712,991266.405,980018.9796,1010229.88
2022-01-13,987113.9334,993285.1562,985840.1006,998486.8267,1010399.816
2022-01-14,981597.6788,988090.3963,971550.4,1004892.075,1017444.504
2022-01-18,966746.265,981070.6164,946523.5892,1010921.449,1028599.433
2022-01-19,957457.7651,969380.0068,938508.6464,1018561.323,1016379.847
2022-01-20,948895.313,963714.2194,932897.5729,1021842.795,1000017.308
2022-01-21,936594.6758,957613.5219,925346.8908,1020946.038,994886.1957
2022-01-24,939304.222,965042.5338,927149.5856,1017042.282,1006097.94
2022-01-25,937479.1728,957403.2853,920625.937,1014730.4,1004582.765
2022-01-26,933935.6327,951352.9722,919439.5,1026095.25,986722.7455
2022-01-27,933735.8628,947025.1962,924231.049,1038562.593,982035.7
2022-01-28,949170.7841,959951.8596,934247.2179,1033118.651,969538.5
2022-01-31,960278.8878,958991.9274,933312.972,1030653.348,958120.9131
2022-02-01,967751.3073,959273.5264,936049.9,1038123.777,952117.9407
2022-02-02,973876.4811,961469.3392,936254.6,1026415.102,980503.4
2022-02-03,959713.1044,957766.0786,930730.3246,1036079.59,970082.3311
2022-02-04,959127.5682,956004.0223,931384.9894,1037936.006,956606.0895
2022-02-07,959165.5789,955843.7466,932927,1043211.367,973604.856
2022-02-08,969324.1616,964318.4655,944766.2852,1046184.246,973178.7988
2022-02-09,977668.4791,970004.2335,952101.4558,1035655.647,972241.7905
2022-02-10,963278.2124,959530.036,938486.6631,1032506.94,955948.8261
2022-02-11,949514.9093,947960.2618,922252.3297,1024781.92,944598.2005
2022-02-14,944816.6329,945669.4558,919766.4343,1010295.793,959991.1676
2022-02-15,956369.6544,956739.0338,931766.1,1007552.008,953521.4485
2022-02-16,954878.0533,956163.0787,928185.6189,1007594.338,948787.3559
2022-02-17,937870.0641,941856.137,909841.7043,989638.9,948191.9365
2022-02-18,931505.4013,937733.1704,902647.1,988379.0607,960575.3989
2022-02-22,918315.0353,928788.5202,889370.9,992476.5965,967783.5872
2022-02-23,905609.0927,913301.2094,877610.5754,991484.1245,977786.5272
2022-02-24,908125.5956,910967.732,879805.5874,994068.6521,982269.9
2022-02-25,930946.9852,929749.9518,905259.5273,994059.7098,979369.2086
2022-02-28,926405.5564,923263.4665,898749.812,987206.0911,984639.4237
2022-03-01,910069.5885,903469.6047,881504.0981,990776.3828,973612.9101
2022-03-02,926371.3894,915862.2063,898312.3739,992209.7,980586.2528
2022-03-03,923728.4688,908599.4029,898766.9342,1000019.297,988045.6416
2022-03-04,918812.2713,904130.1624,897182.455,1009958.881,990344.9849
2022-03-07,897015.8903,871742.9821,882732.4319,994943.7022,996990.3918
2022-03-08,891966.3349,864505.0434,876915.3621,979724.1386,995736.9225
2022-03-09,909831.8078,874241.8613,894753.1286,974146.3193,982613.5
2022-03-10,906765.5373,869622.6457,888079.8814,987817.8038,991136.3119
2022-03-11,900482.1277,872161.1055,882422.5177,988518.4,989736.4
2022-03-14,900510.7426,865491.5963,884046.0294,973813.6504,988135.542
2022-03-15,916886.3228,885840.7719,897453.6936,967208.2814,996728.9089
2022-03-16,931065.9289,905038.3771,905565.3624,955201.5254,1005286.146
2022-03-17,942482.069,907402.6326,918332.5,945469.5141,1012450.82
2022-03-18,949976.0564,914705.2035,920497.4,936333.2099,1002274.538
2022-03-21,944456.2783,907914.8016,918618.1,965046.6623,1002059.44
2022-03-22,951411.9227,919962.1577,921801.1872,957028.1682,1012540.197
2022-03-23,939140.2206,915138.9973,913543.3061,942619.9,1008385.44
2022-03-24,948691.6993,928692.3453,922578.3,953309.2013,1004304.14
2022-03-25,952881.8491,934587.0866,927287.8,956622.7,1014176.885
2022-03-28,955469.0349,938673.7313,929719.2377,954641.9837,1027493.202
2022-03-29,964716.0005,957896.0964,935750.9091,935062.4452,1020419.477
2022-03-30,962928.8553,958189.8356,939725.5,923976.0572,1002043.097
2022-03-31,947882.9034,945858.239,929323.5778,942352.9433,1005836.417
2022-04-01,951707.36,949830.8724,935072,937019.6047,990793.7124
2022-04-04,954539.3734,948727.7783,936561.9,929534.9501,988633.0798
2022-04-05,946866.8637,947828.0878,936302.3885,937098.0807,1002230.772
2022-04-06,942912.5726,950241.2903,946734.5642,953737.1668,977678
2022-04-07,945292.1942,957456.1161,952086.7393,962053.4781,974612.585
2022-04-08,949051.9471,948598.7895,954027.9885,973011.7457,974304.2
2022-04-11,937762.0112,940968.5406,944965.8505,978463.4402,995591.9604
2022-04-12,935364.3452,938710.6376,938538.1408,978408.4776,978150.3694
2022-04-13,944773.3903,949050.2985,948093.3,982078.9071,981523.3876
2022-04-14,941674.8747,946535.9064,945694.4398,973037.4322,975394.1369
2022-04-18,940594.1313,943619.3732,941859.5196,982795.4781,970719.1
2022-04-19,954247.4595,961829.8366,953171.7074,989419.1571,963464.9
2022-04-20,961069.6392,962662.9384,956477.4851,992392.9227,968665.9
2022-04-21,951010.1406,959480.2262,953035.7926,1001592.196,976791.0051
2022-04-22,924185.9857,934082.3228,929460.5827,1000991.812,985570.7
2022-04-25,930693.082,940642.7102,936425.8312,985600.2134,973182.8461
2022-04-26,908572.542,919075.5642,914078.1275,994478.7277,972209.7
2022-04-27,910260.3896,914626.6105,927121.2,994676.5,972209.7
2022-04-28,927055.7962,938677.5365,931784.8537,995223.5923,971042.1
2022-04-29,901384.6692,914464.7739,910081.2695,999685.6191,975711.3
2022-05-02,903688.5896,911222.6108,909081.2,1003397.94,974340.6882
2022-05-03,905527.8394,909062.6965,909582.6,1012476.826,977769.3475
2022-05-04,931010.0873,936837.6342,934371.3545,1001823.683,986860.5723
2022-05-05,901952.0542,911169.5262,911033.454,995811.1756,996208.6
2022-05-06,899257.0289,912960.5708,909499.5404,1001118.16,992114.0895
2022-05-09,881389.8476,899158.4399,900464.9418,999047.2555,989268.7
2022-05-10,879067.6159,895623.0944,897237.4668,997712.7532,1000193.181
2022-05-11,870139.6307,884419.3194,896396.9184,1008440.861,991742.0866
2022-05-12,867302.172,883061.078,902056.0511,1021929.18,991638.1
2022-05-13,880049.4353,889694.1167,909895.2835,1013948.708,997067.0735
2022-05-16,880780.875,889762.1203,912071.627,987545.9877,987938.6
2022-05-17,892566.2852,891859.9415,927647.3085,992088.5921,965175.8
2022-05-18,860735.8174,890968.0906,926719.7,970049.3889,935889.7
2022-05-19,854259.4179,889227.8179,925418.4,980074.2,908275.061
2022-05-20,854499.1205,889092.7592,925206.4,997910.9013,904943.0491
2022-05-23,871400.5515,892195.3125,928932.0024,969699.2371,920186.2
2022-05-24,872722.9194,891763.1015,929093.8406,962799.5364,898158.5
2022-05-25,877961.6743,892981.8063,934812.9428,957428.3825,897689.7327
2022-05-26,892090.6706,897774.5783,950272.3284,974493.8345,914349.3452
2022-05-27,907828.5566,905888.2927,968011.7137,949064.1,913645.9193
2022-05-31,901737.5497,903251.3622,963029.7446,955515.4362,919924.0414
2022-06-01,896902.4987,898547.1874,953401.3493,931639.6318,948498.3553
2022-06-02,908793.9866,909042.86,969846.5195,934204.9006,944456.2911
2022-06-03,899265.9977,900396.9538,963142.3659,927805.0909,931064.9825
2022-06-06,899705.577,900787.6247,962378.4,918231.6439,933517.439
2022-06-07,906931.4606,908492.7567,967824.8336,931075.6602,924073.8619
2022-06-08,899572.1123,900964.7124,960174.6,939558.8697,932414.3357
2022-06-09,882130.3096,884062.4294,939881.3233,945644.6966,925531.1827
2022-06-10,858076.7742,860922.9601,909759.8582,944699.0723,924068.8616
2022-06-13,834131.2385,833672.658,880682.7867,942593.0816,936698.9386
2022-06-14,829978.9927,829132.8728,881358.9448,942372.4609,933909.5829
2022-06-15,838280.1744,838256.4528,891262.6847,946899.9313,927908.8007
2022-06-16,818013.4586,814043.1619,863518.7,947845.625,924460.4
2022-06-17,816966.8287,811413.8066,867195.3591,951122.4365,919883.1344
2022-06-21,834500.5085,833825.1168,879567.948,964972.5575,913517.471
2022-06-22,833212.5745,830052.7129,876741.8017,981822.0214,929548.4363
2022-06-23,838521.5319,832878.4809,880270.5534,972107.8,925732.7
2022-06-24,861025.8094,852899.8205,910680.3279,965548.1,946219.1565
2022-06-27,859319.6505,852966.0413,904003.992,974468.5,950602.4266
2022-06-28,845891.5039,838746.9978,885522.4423,961829.1535,956709.8004
2022-06-29,848141.6113,838582.2446,888201.0398,964739.3,952516.7
2022-06-30,841202.1429,831527.0231,879448.4878,975090.1962,955144.9056
2022-07-01,849998.9056,840173.4526,889458.7885,967027.6826,944624.9542
2022-07-05,846460.8642,833388.7148,891180.1303,953740.8065,955906.8717
2022-07-06,848370.3698,836099.5496,891120.5,934913.9346,965454.2
2022-07-07,857851.5926,844092.8878,902907.3,907171.2,974410.8403
2022-07-08,856583.3046,843057.8516,900555.3014,898270.1771,973436.437
2022-07-11,852092.112,838484.0016,896930.9406,904354.101,971631.6383
2022-07-12,846830.1342,832188.3352,899546.8654,884487.1235,974825.7479
2022-07-13,841129.9652,826688.732,892291.1557,879344.5735,973484.1937
2022-07-14,837231.676,820287.0741,890802.84,910560.1742,973987.6403
2022-07-15,855219.6161,838076.516,906115.3351,914177.9566,973635
2022-07-18,849325.1226,832962.2573,901363.7024,927943.1,972253.194
2022-07-19,869946.6942,853750.7081,927877.2541,940635.0586,980885.3657
2022-07-20,871252.9396,853755.194,934321.8,947037.4682,980808.5415
2022-07-21,875682.6317,857633.0171,940634.0749,934451.0357,987350.8495
2022-07-22,871921.2238,856385.0445,933965.4776,942480,991491.3868
2022-07-25,874401.7447,860239.1307,935865.4853,938934.3,996464.0633
2022-07-26,868156.0255,857333.575,941993.4,948016.7,992678.0814
2022-07-27,880074.847,867440.4697,946789.849,940657.8958,992161.7881
2022-07-28,889150.711,877225.6028,959658.6656,951755.9161,986144.3569
2022-07-29,897774.3967,890625.3014,979744.535,957138.0071,969601.56
2022-08-01,896497.0865,889734.6853,978764.8259,960323.9,962704.4821
2022-08-02,885502.748,885394.1728,975843.4,955450.8648,962687.0654
2022-08-03,896882.5324,895468.3043,978950.6143,946240.3672,970185.6
2022-08-04,894540.6013,892860.9456,977889,934663.7136,941906.1
2022-08-05,896635.6762,894988.7269,978863.3791,937740.3247,936879.1445
2022-08-08,897430.2714,895423.208,979135.1145,966133.318,927919.1431
2022-08-09,895841.4013,897132.6222,972646.4,954170.1842,923073.3757
2022-08-10,910467.6335,911355.3165,993229.7789,975202.4359,928067.585
2022-08-11,911210.0173,913810.6961,996686.759,965402.5124,920415.4983
2022-08-12,922809.8048,925329.0074,1005779.212,970646.6643,916445.9
2022-08-15,926947.85,929916.9762,1007241.323,965994.2287,927548.5627
2022-08-16,933496.1602,934016.7872,1010661.259,970046.8,931186.5536
2022-08-17,928803.2224,929661.0684,1003613.207,967455.4,941672.2847
2022-08-18,929314.8725,931163.6443,1005381.94,986389.5373,943812.3659
2022-08-19,921325.2507,922629.4071,994138.04,1004082,907545.5168
2022-08-22,903746.2463,905800.3784,974410.0255,1011798.283,910187.5378
2022-08-23,899536.3438,902089.1721,978344.9462,1010786.506,900888.934
2022-08-24,901166.5345,905627.9939,981317.8039,1007647.47,900788.5947
2022-08-25,909982.9966,916811.0787,990784.2023,1011254.801,904707.1896
2022-08-26,882420.355,890435.4817,956877.6485,1009091.376,895853.1824
2022-08-29,877379.7684,885821.993,950884.2491,1009679.7,881432.3325
2022-08-30,868957.7211,878081.3845,940955.4,1011326.047,882367.8152
2022-08-31,861292.3116,871634.7392,933069.8,1008253.396,873513.6834
2022-09-01,865282.7449,874202.46,929298.3578,1018682.858,866357.2208
2022-09-02,856044.5345,864917.3411,922039.8,1015402.587,862685.9217
2022-09-06,851312.0377,860029.8285,914522.2716,1032462.629,880692.0929
2022-09-07,863228.8839,872760.9273,925303.6417,1035307.035,868395.1
2022-09-08,868510.828,877377.2244,933591.9585,1041451.925,854141.9386
2022-09-09,878820.813,888354.8443,949741.065,1036599.249,875074.2549
2022-09-12,885097.3892,897574.0079,959410.8195,1036649.35,895897.9653
2022-09-13,850209.673,863937.4425,920561.1115,1033896.27,897463.8997
2022-09-14,851032.9364,865634.6896,926360.4793,1019588.348,887525.7235
2022-09-15,846296.8628,862933.2024,919778.5624,1010764.639,864918.641
2022-09-16,842486.5534,855646.5375,909066.2696,1012932.217,859463.5184
2022-09-19,847878.3656,861653.602,914999.1624,1024088.065,862401.383
2022-09-20,839310.6817,854467.3997,903327.5084,989985.6651,861280.2538
2022-09-21,825030.2297,839821.8892,889852.7988,987485.6487,881907.0548
2022-09-22,822102.8158,832451.2443,883878.1094,976623.8623,872154.0914
2022-09-23,808811.337,816682.2061,858496.8053,971518.5172,889436.3395
2022-09-26,799802.2054,805694.6967,846313.7615,979329.1,894652.6393
2022-09-27,796363.0879,800288.8666,844105.6175,965287.9,887245.7173
2022-09-28,811362.3806,814308.7729,864295.2974,959621.6153,884881.1898
2022-09-29,798840.0319,801053.229,847004.1123,974569.6391,905817.7607
2022-09-30,785170.5278,785463.6977,828235.2806,979648.9811,920976.9584
2022-10-03,806091.1137,806387.4098,851107.2986,985794.0787,929735.9084
2022-10-04,828653.0479,830010.4246,884991.5,994984.9226,920898.4617
2022-10-05,827492.7062,828522.0057,881312.1084,964134.3,923037.1473
2022-10-06,818009.8817,819721.4709,872866.335,959107.6,947022.0924
2022-10-07,800785.6264,800144.1838,857719.2875,966702.787,941565.3707
2022-10-10,798218.7806,794893.9939,855967.2567,965731.6905,936639.9
2022-10-11,799211.2238,792019.4504,853815.4403,970596.0226,920084.5
2022-10-12,798436.5949,791503.9452,853512.2374,966971.4045,912849.4985
2022-10-13,821065.2616,818804.1987,877663.2793,949413.4607,923326.7441
2022-10-14,810025.4918,805480.5896,864044.0324,952048.8905,938469.8411
2022-10-17,825086.018,822884.1079,877192.2363,943349.8077,949497.7
2022-10-18,834324.2284,833795.5278,888576.4773,935167.2,930538.2767
2022-10-19,831591.139,834717.6547,887280.104,928066.8845,966388.8809
2022-10-20,829125.0858,833390.1444,882019.4382,937589.1,961907.2877
2022-10-21,849597.1236,851329.2774,910197.6877,926038.6421,951468.9369
2022-10-24,860996.8209,858356.6186,921472.9312,916673.7852,952370.6138
2022-10-25,870211.5415,870314.0804,934379.0583,936869.3,957089.8
2022-10-26,870276.2985,863781.238,934314.1667,952771.9126,958715.1992
2022-10-27,875583.6543,867065.025,952261,957271.7251,966599.992
2022-10-28,898230.0984,892243.4221,974748.9559,942065.036,966195.9956
2022-10-31,894708.1261,888378.5721,969434.6746,918621.9972,976201.6068
2022-11-01,892528.2745,884235.5169,971958.2269,914121.6459,979417.4906
2022-11-02,878712.8134,866299.224,959810.4787,917405.653,985596.1127
2022-11-03,874708.1795,861495.6207,966445.054,916625.4765,971268.2561
2022-11-04,885695.471,868840.0029,980613.6078,941660.3785,967365.3671
2022-11-07,897278.8691,880103.6223,993619.8764,939913.2018,996492.9
2022-11-08,906403.5811,886986.1826,1004472.487,955054.8621,994143.273
2022-11-09,888721.8089,862466.4556,989867.641,958419.4437,997306.2705
2022-11-10,921561.2162,896100.9322,1029814.329,957585.2728,986140.4
2022-11-11,922449.2367,900196.4098,1040484.23,957026.8018,976316.5934
2022-11-14,916677.4773,893484.9834,1031974.618,979687.0031,978472.1761
2022-11-15,918214.2428,893333.4391,1034775.352,991345.0149,986777.7421
2022-11-16,917145.6713,890109.4968,1027716.708,992540.501,976274.9505
2022-11-17,916940.4561,888675.2547,1026303.919,993329.738,993844.6809
2022-11-18,922389.9784,893113.129,1028653.934,999802.9002,995904.3585
2022-11-21,921148.757,891789.2071,1033002.662,1023263.866,995519.9028
2022-11-22,932022.6036,901347.6748,1045640.311,1025014.76,973354.5026
2022-11-23,934645.4511,904870.0755,1043388.027,1015166.839,964107.3206
2022-11-25,938826.7388,907668.0783,1050074.132,1005456.663,955401.959
2022-11-28,925226.3694,890128.5604,1029783.306,1006825.325,956498.1
2022-11-29,925310.292,890397.6252,1035293.49,1006097.161,970344.1
2022-11-30,945461.6409,913887.321,1051077.156,1019267.884,959957.2944
2022-12-01,940138.216,906962.1498,1047242.782,1030315.041,964296.671
2022-12-02,941091.2605,907987.7024,1054311,1011052.455,964015.9822
2022-12-05,927895.2356,894413.4707,1042556.603,1020430.966,954346.8083
2022-12-06,918307.6681,883909.1509,1031011.725,996047.4068,965425.1118
2022-12-07,918350.9106,882308.3446,1035926.061,985882.6068,961558.0298
2022-12-08,923368.221,888902.9922,1042318.852,969631.3281,960899.6944
2022-12-09,915030.9505,882422.8359,1030870.639,982148.9329,957489.8799
2022-12-12,929478.8739,897578.9972,1047595.14,985499.1,944399.804
2022-12-13,932310.6737,900165.9444,1050691.661,1000855.908,959280.4517
2022-12-14,928421.4067,895693.5349,1048946.556,991281.6486,954992.4128
2022-12-15,907534.9344,875005.856,1027216.551,1001035.757,957294.9231
2022-12-16,899833.4895,863926.2929,1023827.86,1006656.902,970225.7507
2022-12-19,895380.2542,859376.6983,1021954.566,1017088.938,975577.1819
2022-12-20,897900.3873,862532.2816,1022655.769,1005884.542,972797.3698
2022-12-21,912298.128,873497.3454,1042214.902,1001463.208,965768.2197
2022-12-22,902758.9281,862199.4059,1027431.356,1028306.442,949036.0908
2022-12-23,907581.7004,868975.6027,1029029.064,1014628.365,945223.9126
2022-12-27,908610.2325,868128.8224,1032103.475,1015714.812,956314.3
2022-12-28,898610.3125,857024.6148,1020852.127,1010016.827,960533.8228
2022-12-29,908042.8475,868516.8601,1030322.693,1013600.119,964174.3451
2022-12-30,906032.4426,867794.7158,1028209.906,1016715.284,964262.0008
2023-01-03,905735.0833,864269.5122,1033771.148,1025675,969287.6399
2023-01-04,909381.3379,868560.9496,1049977.494,1012311.207,970717.4
2023-01-05,900096.3615,859367.4918,1045310.246,1026849.816,961473.9065
2023-01-06,919244.3765,876675.6286,1075297.74,1017715.324,977021.0408
2023-01-09,916156.7516,874092.0081,1065406.356,1016746.95,978382
2023-01-10,921253.1798,880180.9723,1072357.428,998560.9,973544.4753
2023-01-11,928603.4525,887921.8651,1076229.86,987987.7,968610.8468
2023-01-12,934533.6611,893097.4073,1083444.037,987462.4,967035.0879
2023-01-13,937612.5307,897636.1586,1088422.371,986387.0452,972373.8131
2023-01-17,926904.3939,890626.2547,1080825.869,995765.5418,970195.2307
2023-01-18,910124.5759,874507.5287,1058839.699,991093.5383,961993.6315
2023-01-19,903225.5206,863067.3078,1043189.405,998690.5251,966623.6
2023-01-20,912271.008,875225.8074,1055564.122,998651,979312.3231
2023-01-23,919215.6549,881025.3612,1063589.419,990275.8,975955.3739
2023-01-24,922069.3429,886327.343,1060741.977,995125.6829,975863.4279
2023-01-25,922339.3686,887552.7224,1060194.183,992203.3222,962608.8167
2023-01-26,927958.3377,891292.3391,1064781.848,981298.8554,964804.6641
2023-01-27,928741.9354,892223.1272,1071735.716,971060.2983,944545.7214
2023-01-30,921608.1958,883733.1879,1062412.211,952931.3,940713.8891
2023-01-31,931692.8925,889693.7942,1059318.462,965740.5823,945056.7043
2023-02-01,931882.092,887798.1743,1060207.65,964535.3058,937082.3532
2023-02-02,930815.5492,890957.376,1056631.929,965043.3646,938749.2498
2023-02-03,927318.775,885607.1363,1058901.613,974552.0856,929686.2175
2023-02-06,926362.3139,884565.929,1057482.66,978208.2167,926955.6076
2023-02-07,933624.0728,888169.6511,1057971.781,975534.1671,938173.8957
2023-02-08,927947.447,883017.0487,1049060.054,966118.2671,950239.5
2023-02-09,921137.7596,875526.9619,1039408.797,948031.8683,950147.7919
2023-02-10,925767.8089,879072.5701,1045975.399,952992.7621,929579.6843
2023-02-13,936063.2729,886883.714,1057750.77,960736.1316,930849.3942
2023-02-14,931781.1927,882410.0446,1052118.5,964783.6656,913978.0405
2023-02-15,932841.2224,887194.8375,1059321.836,968239.6,899454.4642
2023-02-16,921055.0115,876454.0272,1046766.734,970041.2449,892568.0063
2023-02-17,924603.997,881715.6755,1054077.878,975716.5791,903838.2692
2023-02-21,905549.7276,859077.0792,1033420.343,969647.8257,890375.7826
2023-02-22,903240.0415,853828.5207,1029549.178,966106.6816,899804.5676
2023-02-23,906214.4884,857533.9801,1028474.084,981269.2385,888256.5593
2023-02-24,897003.398,849532.4757,1019476.585,980367.5421,898095.089
2023-02-27,898976.0057,852763.6263,1023798.763,952370.7215,905852.5123
2023-02-28,892623.942,849294.9554,1021433.823,951425.1507,890176.8804
2023-03-01,892764.4536,851312.0027,1029346.655,954510.479,891452.9229
2023-03-02,902105.1648,854420.3962,1040091.76,957651.7004,892967.9984
2023-03-03,912694.1444,864790.1301,1053048.892,960453.9376,898716.2
2023-03-06,913800.4063,863510.2307,1049605.172,961601.6652,897181.6214
2023-03-07,898084.1415,844064.8787,1027328.052,970343.2402,904498.1949
2023-03-08,896497.0865,845161.7974,1030806.459,977251.8,908541.4472
2023-03-09,881640.2273,826096.9191,1008932.657,973478.479,921190.8968
2023-03-10,872204.1689,818272.5843,989611.4122,973198.6189,935158.9377
2023-03-13,869730.4815,819099.0049,986487.6,963561.8023,932565.525
2023-03-14,878921.6589,823873.3807,995145.3341,978581.5165,937082.7
2023-03-15,871245.5723,818944.6987,985886.5166,964268.2928,938620.8608
2023-03-16,881413.1238,826716.9271,993897.394,960368.5528,940809.9281
2023-03-17,870901.447,817425.3463,984424.8717,962186.0664,941783.8
2023-03-20,881359.2575,827105.2212,1000191.794,950898.5861,938824.5425
2023-03-21,889997.1972,834453.4577,1013228.107,950642.2323,949458.9524
2023-03-22,875497.0091,820096.9752,993736.1,942306.9231,945543.7085
2023-03-23,877550.8701,823211.1757,994392,941545.5,951304.5095
2023-03-24,881166.5345,824283.2771,997774.1355,953074.469,953678.6352
2023-03-27,886484.3006,828850.4862,999627.5176,957659.7004,950894.8586
2023-03-28,885450.2697,828329.7972,1004926.043,961118.7259,949206.9
2023-03-29,894288.5666,835420.8401,1016669.478,948368,949200.162
2023-03-30,898154.3973,840339.9039,1020974.437,942883.9,950611.7561
2023-03-31,909501.029,852546.7832,1033635.049,930075.9624,940918.7286
2023-04-03,918439.1041,859899.6683,1040026.418,922247.1433,934560.2805
2023-04-04,913006.0246,852201.8022,1029356.555,924940.4495,949990.1327
2023-04-05,915201.9988,855000.2506,1024148.15,932484.5823,959116.0945
2023-04-06,915272.2546,854054.0094,1016861.915,932391.9692,957445.6756
2023-04-10,918039.2439,857089.9237,1023854.34,943204.2715,947390.8194
2023-04-11,920725.3004,861953.7368,1029291.312,936645.7841,940313.7484
2023-04-12,919678.7239,857439.0579,1023354.249,949522.8665,933072.9424
2023-04-13,930152.7103,867144.0719,1035241.735,956385.2509,946502.2
2023-04-14,926237.9248,867329.818,1034707.96,946025.9119,944132.6237
2023-04-17,928990.7135,862804.247,1039149.803,942659.7198,941050.9769
2023-04-18,928702.3231,861511.4518,1038634.431,950443.1627,942877.1
2023-04-19,926526.1017,851958.6039,1033720.777,960154.4391,938526.5
2023-04-20,923508.7326,848980.5716,1033266.516,950268.7682,937039.4609
2023-04-21,924119.3601,847330.1716,1033208.432,948980.7035,938514.4198
2023-04-24,925935.3337,849554.2125,1028368.067,953939.6893,933043.8173
2023-04-25,916516.9994,846438.1274,1013364,962183.5903,939961.7309
2023-04-26,910258.788,830593.6965,1009851.907,987323.3,945803.0645
2023-04-27,924589.476,839261.3105,1022827.329,984575.0806,943565.2216
2023-04-28,932024.2052,842676.8835,1033164.728,1004339.212,936868.102
2023-05-01,930754.2622,845362.1009,1026687.378,1007882.091,927314.8901
2023-05-02,920718.2534,834243.6108,1002516.189,1011784.256,918185.1
2023-05-03,913330.1836,819865.4015,989843.2888,1020326.8,922251.1493
2023-05-04,905499.1178,819812.4761,980422.332,1020100.271,929693.6089
2023-05-05,920440.7537,835706.2493,1004894.984,1030941.124,926422.4778
2023-05-08,918918.6159,832780.1108,1003626.014,1013896.651,919668.7708
2023-05-09,917363.806,831406.0618,1002965.309,1007198.452,926313.0095
2023-05-10,916530.6662,828981.2585,997138.9226,1006810.924,946164.3812
2023-05-11,910467.6335,825289.0226,993745.0353,984773.0145,940882.943
2023-05-12,910224.621,825834.8044,993752.5973,987538.1765,940495.5816
2023-05-15,911536.0982,826649.3098,999447.8689,984713.1999,939152.4739
2023-05-16,902339.422,813028.9256,992080.8227,991792.0582,944299.0996
2023-05-17,913508.7059,820063.1383,1005906.665,991295.7,946038.4701
2023-05-18,916655.9094,818019.0638,1011924.942,978127.1924,952877.7
2023-05-19,913668.8635,816126.1741,1009541.07,990395.1488,958982.3
2023-05-22,909840.7767,816329.5254,1008547.97,995139.1,960896.4
2023-05-23,903524.9085,811255.1173,996362.2295,1000205.661,976697.7274
2023-05-24,896538.7274,804864.299,985043.141,994101.8844,974128.6695
2023-05-25,895574.6321,798856.7475,982588.6526,986897.4083,962080.3
2023-05-26,904558.8859,803195.564,997313.1,983229.4002,957774.2112
2023-05-30,903176.9394,803682.6553,995618.81,997029.3808,960128.5
2023-05-31,899500.2549,808403.0377,998980.3907,995590.3056,950853.1964
2023-06-01,903690.5115,807768.806,1012865.402,992777.7177,946162.5533
2023-06-02,922856.5709,820978.7041,1029891,990997.7385,950797.1687
2023-06-05,917392.5276,823128.8651,1025174.263,988398.9394,950104.1
2023-06-06,917677.3946,818845.0527,1034692.834,991952.7026,954339.5925
2023-06-07,920184.9286,816075.659,1032312.234,987040.2508,964680.7568
2023-06-08,924793.0897,818214.1739,1032250.042,974501.9468,963053.8574
2023-06-09,925973.1309,817654.8109,1033392.635,981709.3954,960601.86
2023-06-12,931154.1223,816872.2807,1043712.9,977128.4,955247.6082
2023-06-13,935139.1636,822720.5847,1044003.424,975813.9623,949203.4788
2023-06-14,928776.1024,807308.5225,1042111.369,972038.105,947245.4
2023-06-15,940494.8336,822445.9102,1051215.562,965259.4125,955271.407
2023-06-16,937517.1836,821642.7537,1053707.732,964278.4625,959283.2
2023-06-20,930813.6273,822955.6098,1043936.309,959420.5,960990.2576
2023-06-21,928015.9944,824286.1562,1035495.805,965447.7132,959604.8
2023-06-22,927884.5584,827214.7006,1041211,960486.6,960665.1
2023-06-23,921890.8206,822510.6508,1037560.439,968986.6554,977067.8341
2023-06-26,921543.1718,818870.0955,1033134.392,981014.917,976417.4516
2023-06-27,927338.6345,818382.3084,1023308.942,994722.8936,978289.9
2023-06-28,925313.8155,812663.5174,1030244.524,991043.0814,976103.4923
2023-06-29,932687.3644,821304.3304,1038637.371,978076.9921,981062.9
2023-06-30,940482.3413,828285.3687,1050990,970417.6,983452.4917
2023-07-03,940779.3802,832658.2461,1055538.04,981914.6436,979364.2095
2023-07-05,937230.715,830405.5962,1058757.866,986964,972488.7837
2023-07-06,927216.2741,822986.9931,1049657.444,988880.6201,980203.6
2023-07-07,922094.4343,812743.5656,1041788.097,987560.2,979610.1
2023-07-10,927821.3495,823945.4426,1049574.876,953449.6943,982564.8
2023-07-11,936486.7296,826181.1098,1062286.244,967822.6759,972307.7977
2023-07-12,938837.6296,824847.1059,1062804.265,960919.0009,969556.0654
2023-07-13,940141.7395,826901.1582,1061527.439,963547.7615,963374.704
2023-07-14,943254.776,843138.5591,1055995.871,968144.0682,972963.8954
2023-07-17,945340.8821,849896.3328,1055307.701,969680.515,965657.4687
2023-07-18,955360.7683,862866.7596,1060986.25,965430.468,960526.6
2023-07-19,958347.8142,864868.9312,1066356.243,966674.5708,959345.32
2023-07-20,962829.6644,868219.8826,1072258.677,971325.4762,959982.9
2023-07-21,962898.3186,870227.1754,1064043.905,966404.2952,959523.5935
2023-07-24,967915.3087,876095.2551,1062515.161,971306.3558,949025.6484
2023-07-25,968648.7237,874847.3587,1061881.55,979971.8128,945404.6
2023-07-26,970891.4639,873497.5501,1066069.219,979489.0531,935527.1
2023-07-27,964402.412,869701.8298,1061081.219,975310.0482,934700.5727
2023-07-28,969228.7077,870604.5639,1061429.167,968675.7491,934190.0092
2023-07-31,971968.6839,871163.1759,1065957.075,958548.4189,931622.5
2023-08-01,973913.4241,867613.108,1060109.309,961724.7884,938117.559
2023-08-02,964396.9666,862308.2004,1057498.765,972199.1991,926833.2318
2023-08-03,962575.7612,864213.8649,1055384.524,971229.1891,933315.0852
2023-08-04,958468.3595,880367.3122,1044972.183,972453.4,937601.7
2023-08-07,969607,899879.9947,1055019.353,994661.3,946865.9
2023-08-08,965270.7865,906422.868,1049371.728,997789.6,948283.8752
2023-08-09,960046.5525,900648.8794,1042928.327,1011856.617,947456.9545
2023-08-10,961489.4656,905322.2375,1043302.639,1013409.412,946571.1244
2023-08-11,964366.3231,909181.313,1049319.552,1013780.068,943470.4554
2023-08-14,965083.2953,910018.2187,1048072.044,1012791.31,938989.3797
2023-08-15,955209.366,909263.4055,1037143.053,1015424.442,939156.303
2023-08-16,950271.4938,905366.0208,1030276.294,1017823.373,940857.3911
2023-08-17,942319.8828,899209.7244,1019441.646,1011297.07,943926.9153
2023-08-18,943025.9642,899463.876,1022033.176,997556.8451,941945.9017
2023-08-21,942015.4766,898653.6972,1020577.468,1003801.051,943057.2442
2023-08-22,937235.8401,888931.6199,1017400.175,1008177.561,948280.3998
2023-08-23,942269.3797,889150.5683,1023033.349,1006895.796,935334.709
2023-08-24,932058.6924,885775.5022,1016371.91,996240.5524,936762
2023-08-25,938823.1086,887345.4991,1022351,996250.5924,934916.1211
2023-08-28,944647.3997,889906.8082,1027694.592,991239.9015,930338.4461
2023-08-29,952647.6987,897155.8063,1035131.213,1002311.86,921116.1502
2023-08-30,953674.5224,893892.5844,1037295.725,996489.5581,917578.394
2023-08-31,949073.515,882369.7499,1037072.522,991801.2701,917046.0167
2023-09-01,952238.7629,884355.068,1035319.715,992914.3,908768.3
2023-09-05,946888.4315,879564.4425,1029355.738,995601.8898,905524.1429
2023-09-06,941455.1385,870831.9577,1023978.845,996360.4095,908271.9
2023-09-07,943027.8861,881539.1393,1026182.321,987715.121,908532.8
2023-09-08,945101.3931,887791.8312,1028076.092,983722.8618,904824.3
2023-09-11,947482.9365,891079.4797,1031962.59,974870.8038,896103.0941
2023-09-12,946998.2997,891496.0014,1032448.512,977125.5511,899906.2527
2023-09-13,945072.458,887562.4848,1030537.565,977377.3764,898913.2
2023-09-14,954135.6695,896627.626,1040360.192,974138.9249,903000.7752
2023-09-15,946239.7933,895176.2089,1032354.433,979977.5687,907260.8369
2023-09-18,946405.503,900277.1799,1023343.274,969180.4,911225.0447
2023-09-19,943492.5567,898559.2814,1023299.513,973825.5241,912466.7898
2023-09-20,941391.9297,912723.4943,1021258.811,977404.6139,906955.8
2023-09-21,931266.0191,910256.9406,1004337,985612.1572,907614.0074
2023-09-22,928352.7524,908031.6745,1003015.076,987737.5341,917166.1689
2023-09-25,929529.1634,908971.5612,999884.9447,982092.6,917282.2
2023-09-26,918923.741,906110.3458,990569.9493,985114.3,912718.3418
2023-09-27,917048.4023,905957.0034,981829.8815,981564.3512,908072.1
2023-09-28,920221.0175,914608.2326,985197.963,976831.9071,900810.4749
2023-09-29,915879.3586,905076.4075,976546.5521,981522.4,897834.3352
2023-10-02,913852.6176,905914.6625,968207.9304,986060.2864,902444.2517
2023-10-03,902072.5994,893565.028,956051.8848,990420.7195,907180.6546
2023-10-04,905548.6599,902368.3249,961745.3151,985051.8672,894438.8055
2023-10-05,905275.8581,906056.0114,956990.9758,988245.8199,884415.5127
2023-10-06,913148.1378,916353.1686,952433.2544,996196.6465,898184.6248
2023-10-09,918534.7715,922420.6385,954792,984583.0143,903724.0567
2023-10-10,922215.2999,922626.6923,962126.3751,982491.8257,907869.6303
2023-10-11,924007.5701,939921.3294,962559.1,979066.7015,921549.146
2023-10-12,919258.8974,943018.8325,955584.9611,975384.733,924803.3631
2023-10-13,920328.9637,950313.3093,960609.4,967917.3988,928699.2003
2023-10-16,928918.5358,955226.351,967508.1896,965555,932756.6
2023-10-17,929276.8618,951615.7382,970972.7947,966196.5568,932901.4723
2023-10-18,920186.5302,946271.3039,972559.9035,955426.9,924448.6024
2023-10-19,913328.3684,936371.6547,972614.2028,952072.6634,934062.2325
2023-10-20,905486.6255,932536.8061,964535.5346,955834.4822,931022.1677
2023-10-23,900269.4385,922486.8018,959958.0534,953301.5,941231.924
2023-10-24,905871.9647,930678.2285,978426.9921,952603.3518,944584.6442
2023-10-25,902989.6618,928896.1365,977998.4403,937925.1581,944607.4354
2023-10-26,896111.7473,923157.3171,979807.0721,944185.4367,943662.8799
2023-10-27,886088.2308,906202.4838,972446.7367,944149.7,944198.5342
2023-10-30,900065.8248,913695.3255,987225.3211,950185.1485,943350.6084
2023-10-31,903452.7308,907184.5691,996303.2403,954155.5676,944423.9
2023-11-01,909512.7739,914933.4135,997207.0451,956416.3893,945998.4838
2023-11-02,924942.5702,927839.4001,1009308.9,957943,945253.4861
2023-11-03,931017.241,930270.6299,1007671.313,952598.9,946275.4
2023-11-06,931961.3166,936565.9626,1009392.749,951018.4046,949065.1
2023-11-07,933512.2828,936877.2355,1014236.121,961279.0538,964817.9396
2023-11-08,932409.8646,938894.651,1010039.762,961902.1692,976745.011
2023-11-09,926387.512,923958.6217,1009645.007,951322.3685,972334.8
2023-11-10,937079.3127,931530.0571,1015863,948182.7931,970594.1
2023-11-13,938576.3591,932688.4662,1019343.622,941225.3123,967653.8737
2023-11-14,951965.107,937289.4155,1023024.912,941795.0584,968742.5
2023-11-15,956434.4648,941223.4798,1023509.043,949375.2061,970522.3607
2023-11-16,955184.1679,934062.8111,1024497.491,948146.2284,978142.5327
2023-11-17,955233.71,933128.7608,1023473.01,942001.7279,983668.6054
2023-11-20,960803.137,933160.3901,1025272.872,934040.3153,994153.1
2023-11-21,959087.9559,932903.3218,1023314.337,946022.1731,1000168.868
2023-11-22,964137.6181,937417.9386,1028942.549,951756.3692,1004121.707
2023-11-24,967338.8481,941071.2167,1031333.884,959047.9276,1006616.164
2023-11-27,965789.5903,939277.3992,1028937.123,970657.7,1011931.715
2023-11-28,968072.2631,938835.8904,1029757.925,972338.9808,1000350.82
2023-11-29,968439.6646,939470.399,1029927.898,976289.5766,1010697.598
2023-11-30,982665.9299,951376.8979,1048793.196,983452.5495,997539.4355
2023-12-01,990718.6538,958980.2251,1055263.234,983395.8,1001144.668
2023-12-04,989596.3762,960726.0042,1051022.545,979249.3394,1002973.408
2023-12-05,987412.8943,956513.2713,1049915.311,989979.1654,1005941.077
2023-12-06,985496.0214,956126.6518,1046165.961,991019.62,1005145.798
2023-12-07,987216.6478,957027.6937,1047470.243,998705.7,996686.3
2023-12-08,990783.4643,958838.1934,1051574.324,997950.5568,987400.3781
2023-12-11,995076.4352,963440.6225,1052156.502,1000538.403,982827.2
2023-12-12,999805.4619,967100.9598,1057612.201,999544.1291,978560.878
2023-12-13,1013808.361,981484.391,1069641.514,1000532.218,991569.2
2023-12-14,1018130.16,984130.964,1062554.491,999000.3846,989861.6623
2023-12-15,1019682.941,980424.3295,1061384.052,1001188.806,1000369.637
2023-12-18,1019706.431,980517.4935,1061061.598,1002956.263,1008111.322
2023-12-19,1026591.82,986852.5276,1064930.381,1001161.093,1010088.961
2023-12-20,1013583.179,974701.6535,1051606.145,1002607.474,1002493.38
2023-12-21,1022394.196,982401.189,1061476.215,1003675.48,1000155.153
2023-12-22,1021891.728,980914.5191,1058591.156,1032166.875,1008567.975
2023-12-26,1026247.588,985651.4028,1060324.736,1041356.253,1023629.437
2023-12-27,1029286.845,989904.7455,1063277.078,1035697.46,1018536.768
2023-12-28,1030751.433,992587.6297,1066821.512,1028203.511,1022535.845
2023-12-29,1030189.386,993043.3194,1066857.876,1026106.421,1023037.608
2024-01-02,1030886.392,1000208.569,1070931.696,1027238.88,1030262.879
2024-01-03,1023100.491,994473.0767,1067610.116,1031895.632,1030558
2024-01-04,1023377.884,996906.0402,1067409.925,1033435.133,1041856.339
2024-01-05,1024082.257,994387.9688,1063636.639,1038728.898,1043193.479
2024-01-08,1030010.971,1000332.446,1076312.479,1052241.476,1022418.879
2024-01-09,1025696.325,996634.2234,1075898.901,1050254.125,1035807.451
2024-01-10,1030358.62,997063.9186,1081556.538,1050920.204,1041994.015
2024-01-11,1030776.524,996438.8653,1085700.46,1050291.884,1027171.703
2024-01-12,1027550.096,989296.7258,1076200.793,1052323.123,1032367.948
2024-01-16,1021212.553,987775.8561,1072560.595,1037836.867,1046078.246
2024-01-17,1018630.919,981602.133,1077171.646,1047097.577,1049820.527
2024-01-18,1024150.591,984127.2674,1077835.432,1048438.916,1056325.681
2024-01-19,1034952.58,993955.5303,1077702.45,1050098.373,1054966.93
2024-01-22,1038724.825,1003268.577,1083928.232,1052883.886,1036397.35
2024-01-23,1036090.98,998435.4342,1089275.888,1052241.567,1046057.731
2024-01-24,1033383.356,996971.8367,1087567.438,1052147.269,1045332.315
2024-01-25,1040018.258,1002887.122,1077720.76,1058785.633,1037539
2024-01-26,1041666.493,1000774.815,1081854.989,1054298.856,1038393.563
2024-01-29,1047789.745,1009854.85,1090763.92,1056655.259,1040978.401
2024-01-30,1051448.599,1017564.505,1090951.373,1050731.957,1056226.622
2024-01-31,1042783.646,1010175.766,1085082.211,1059176.245,1056749.381
2024-02-01,1052884.465,1015536.125,1094005.585,1058442.153,1053826.031
2024-02-02,1056563.071,1023779.111,1099975.565,1062862.842,1052604.286
2024-02-05,1049065.454,1020271.078,1088529.453,1068564.772,1051992.698
2024-02-06,1052925.999,1027295.79,1092389.277,1058281.001,1057204.467
2024-02-07,1057190.035,1033358.821,1100264.782,1051246.115,1056553.418
2024-02-08,1058528.525,1035699.935,1101363.191,1054476.784,1052029.852
2024-02-09,1057035.109,1031127.572,1101785.988,1054669.079,1034210.526
2024-02-12,1060470.596,1039356.352,1097099.774,1058200,1034281.459
2024-02-13,1046130.619,1023448.598,1086613.068,1061689.485,1042399.679
2024-02-14,1050272.188,1028833.143,1091553.419,1067184.742,1041583.331
2024-02-15,1059807.544,1044079.416,1096482.166,1062242.641,1046118.808
2024-02-16,1055840.547,1040809.44,1092388.758,1066081.313,1059047.056
2024-02-20,1054086.074,1034965.415,1090274.451,1067499.346,1054809.229
2024-02-21,1055410.043,1039208.761,1091211.946,1077731.454,1064275.392
2024-02-22,1067897.958,1051512.898,1107235.846,1082475.694,1049331.507
2024-02-23,1069604.171,1053337.625,1108063.951,1070113.032,1048759.189
2024-02-26,1067901.268,1053129.932,1106150.437,1077824.247,1059094.237
2024-02-27,1065254.824,1052249.945,1093804.986,1078906.083,1066567.47
2024-02-28,1064615.475,1052864.729,1084022.963,1073563,1072764.087
2024-02-29,1065910.296,1053819.348,1083556.713,1078814.041,1055350.77
2024-03-01,1068397.33,1054881.074,1085505.053,1086715.648,1044786.935
2024-03-04,1065730.919,1054727.488,1077134.707,1085550.878,1040696.579
2024-03-05,1054670.756,1044312.036,1056861.929,1086022.623,1046200.539
2024-03-06,1056744.263,1046191.473,1058059.58,1085804.486,1043998.77
2024-03-07,1060305.848,1049270.907,1064241.185,1076903.64,1044313.873
2024-03-08,1058429.121,1048211.032,1064673.288,1085902.436,1033693.597
2024-03-11,1059712.944,1050712.614,1075473.724,1093144.401,1030244.975
2024-03-12,1066158.967,1055429,1084027.38,1087935.721,1020853.123
2024-03-13,1067193.051,1060991.19,1078727.634,1087986.293,1029041.195
2024-03-14,1063430.309,1055597.417,1084027.773,1088239.183,1030581.108
2024-03-15,1058212.588,1056565.874,1074504.348,1103811.197,1036181.748
2024-03-18,1060280.649,1059631.322,1075573.284,1104568.067,
2024-03-19,1069036.465,1068085.779,1085958.519,1109085.046,
2024-03-20,1080007.26,1079287.621,1092719.206,1107413.57,
2024-03-21,1087366.609,1095656.977,1093121.01,1107113.453,
2024-03-22,1079016.953,1082936.361,1088724.21,1105803.714,
2024-03-25,1074581.869,1079635.01,1080158.313,1108715.662,
2024-03-26,1073725.986,1083789.48,1083838.118,1103273.901,
2024-03-27,1086784.596,1099741.289,1086779.542,1092553.803,
2024-03-28,1088077.281,1104414.051,1085946.897,1100314.291,
2024-04-01,1081503.026,1095309.117,1082723.06,1100981.095,
2024-04-02,1070662.172,1084389.706,1055351.743,1102688.267,
2024-04-03,1069484.159,1089781.207,1053163.881,,
2024-04-04,1054992.993,1074142.37,1040426.382,,
2024-04-05,,1085782.928,1048667.974,,